,target setting steps,baseline steps,global step,total duration (s),total eval time (s),total logging & checkpointing_time (s),total submission time (s),submission time till eval 2 (s),num steps till eval 2,submission time since eval 2 (s),num steps since eval 2,equilibrium step time (s),projected max submission time (s)
criteo1tb_adamw,8000.0,10666.666666666666,2400.0,3475.51642370224,1825.9138717651367,0.04899001121520996,1646.8132498264313,1204.1456191539764,1748.0,442.66763067245483,652.0,0.6789380838534583,7259.3680763483535
fastmri_adamw,27142.0,36189.333333333336,2714.0,1160.0210058689117,288.3047857284546,0.28485608100891113,861.5726964473724,165.79113006591797,305.0,695.7815663814545,2409.0,0.28882588890886446,10530.115602967913
imagenet_resnet_adamw,140000.0,186666.66666666666,14000.0,6162.7811398506165,1183.3034601211548,0.28114795684814453,4956.926801919937,568.9091465473175,1432.0,4388.01765537262,12568.0,0.3491420795172358,65242.12586522932
imagenet_vit_adamw,140000.0,186666.66666666666,14000.0,7200.313250541687,1535.4814357757568,0.39162588119506836,5632.833034276962,485.24132657051086,1039.0,5147.591707706451,12961.0,0.39716007311985585,74209.13899297208
librispeech_conformer_adamw,100000.0,133333.33333333334,10000.0,17953.568762540817,443.6443862915039,0.46657395362854004,17486.581580638885,1450.4868550300598,856.0,16036.094725608826,9144.0,1.7537286445328988,233779.78107302976
librispeech_deepspeech_adamw,60000.0,80000.0,8000.0,7495.128719329834,227.98144507408142,0.2451457977294922,7255.97900390625,1475.4160163402557,1587.0,5780.562987565994,6413.0,0.9013820345495079,72155.48549147083
ogbg_adamw,60000.0,80000.0,6000.0,2780.6429376602173,791.6889886856079,0.2568328380584717,1976.8015427589417,245.2103831768036,730.0,1731.591159582138,5270.0,0.32857517259623115,26291.364314880047
wmt_adamw,100000.0,133333.33333333334,10000.0,8732.982917308807,4556.277716636658,0.14368462562561035,4166.902230024338,894.6275081634521,2041.0,3272.2747218608856,7959.0,0.4111414401131908,54874.34651065121
