,target setting steps,baseline steps,global step,total duration (s),total eval time (s),total logging & checkpointing_time (s),total submission time (s),submission time till eval 2 (s),num steps till eval 2,submission time since eval 2 (s),num steps since eval 2,equilibrium step time (s),projected max submission time (s)
criteo1tb_adamw,8000.0,10666.666666666666,2400.0,3875.9413499832153,2045.8618137836456,0.056638479232788086,1829.99072599411,1227.4396362304688,1595.0,602.5510897636414,805.0,0.7485106705138402,8017.678935575189
fastmri_adamw,27142.0,36189.333333333336,2714.0,1016.6282801628113,249.7997386455536,0.26425743103027344,766.5205137729645,150.1417751312256,333.0,616.3787386417389,2381.0,0.2588738927516753,9432.41036493288
imagenet_resnet_adamw,140000.0,186666.66666666666,14000.0,5014.401158571243,242.65860247612,0.2817392349243164,4771.244979858398,578.751136302948,1518.0,4192.49384355545,12482.0,0.33588317926257416,62767.073932529536
imagenet_vit_adamw,140000.0,186666.66666666666,14000.0,6065.869316339493,431.38224148750305,0.4725644588470459,5633.6579875946045,473.1151487827301,1019.0,5160.542838811874,12981.0,0.3975458623227698,74276.57688199285
librispeech_conformer_adamw,100000.0,133333.33333333334,10000.0,9080.28832244873,904.8272778987885,0.28891587257385254,8174.95614361763,1515.019586801529,1800.0,6659.936556816101,8200.0,0.8121873849775733,108344.733624185
librispeech_deepspeech_adamw,60000.0,80000.0,8000.0,7350.50849199295,875.705249786377,0.2453937530517578,6474.3838810920715,1499.6600058078766,1818.0,4974.723875284195,6182.0,0.8047110765584269,64413.58139329881
ogbg_adamw,60000.0,80000.0,6000.0,3154.5335721969604,1269.8612875938416,0.23130059242248535,1884.3642363548279,264.36876606941223,766.0,1619.9954702854156,5234.0,0.3095138460614092,24788.38884489911
wmt_adamw,100000.0,133333.33333333334,10000.0,6786.653568506241,3311.4766924381256,0.1404891014099121,3474.88653421402,881.4934256076813,2447.0,2593.3931086063385,7553.0,0.3433593417988003,45822.53868939939
